Protocollo;Gruppo;DataOraIncidente;Localizzazione1;STRADA1;Localizzazione2;STRADA2;Strada02;Chilometrica;DaSpecificare;NaturaIncidente;particolaritastrade;TipoStrada;FondoStradale;Pavimentazione;Segnaletica;CondizioneAtmosferica;Traffico;Visibilita;Illuminazione;NUM_FERITI;NUM_RISERVATA;NUM_MORTI;NUM_ILLESI;Longitudine;Latitudine;Confermato;Progressivo;TipoVeicolo;StatoVeicolo;TipoPersona;Sesso;Tipolesione;Deceduto;DecedutoDopo;CinturaCascoUtilizzato;Airbag
1778977;3;24/10/2008 15:15;Strada Urbana;VIA DELLA LEGA LOMBARDA;all'intersezione semaforizzata con;VIA GIANO DELLA BELLA;VIA GIANO DELLA BELLA;;;Scontro laterale fra veicoli in marcia;Intersezione semaforizzata;Due carreggiate;Asciutto;Asfaltata;Verticale ed orizzontale;Sereno;Intenso;Buona;Ore Diurne;2;0;0;1;;;-1;1;Motociclo a solo;In marcia / fermata / arresto;Passeggero;F;Rifiuta cure immediate;0;NON DECEDUTO;Utilizzato;Inesistente
1778977;3;24/10/2008 15:15;Strada Urbana;VIA DELLA LEGA LOMBARDA;all'intersezione semaforizzata con;VIA GIANO DELLA BELLA;VIA GIANO DELLA BELLA;;;Scontro laterale fra veicoli in marcia;Intersezione semaforizzata;Due carreggiate;Asciutto;Asfaltata;Verticale ed orizzontale;Sereno;Intenso;Buona;Ore Diurne;2;0;0;1;;;-1;2;Motociclo a solo;In marcia / fermata / arresto;Conducente;M;Illeso;0;;Utilizzato;Inesistente
1778979;3;25/10/2008 19:10;Strada Urbana;VIA TIBURTINA;da specificare;;;;LATO TIBUS;Scontro laterale fra veicoli in marcia;Rettilineo;Una carreggiata a senso unico di marcia;Bagnato (pioggia);Asfaltata;Verticale ed orizzontale;Pioggia in atto;Normale;Buona;Ore Diurne;0;0;0;2;;;-1;1;Autobus di linea;In marcia / fermata / arresto;Conducente;M;Illeso;0;;Utilizzato;Inesistente
1778979;3;25/10/2008 19:10;Strada Urbana;VIA TIBURTINA;da specificare;;;;LATO TIBUS;Scontro laterale fra veicoli in marcia;Rettilineo;Una carreggiata a senso unico di marcia;Bagnato (pioggia);Asfaltata;Verticale ed orizzontale;Pioggia in atto;Normale;Buona;Ore Diurne;0;0;0;2;;;-1;1;Autobus di linea;In marcia / fermata / arresto;Passeggero;M;Illeso;0;;Utilizzato;Inesistente
1778980;3;26/10/2008 14:50;Strada Urbana;PIAZZALE DELLE PROVINCIE;in corrispondenza;;del civico n. ;13;;Scontro frontale/laterale DX fra veicoli in marcia;Curva a visuale libera;Una carreggiata a senso unico di marcia;Asciutto;Asfaltata;Verticale ed orizzontale;Sereno;Normale;Buona;Ore Diurne;0;0;0;2;;;-1;1;Autovettura privata;In marcia / fermata / arresto;Conducente;M;Illeso;0;;Utilizzato;Inesistente
1778980;3;26/10/2008 14:50;Strada Urbana;PIAZZALE DELLE PROVINCIE;in corrispondenza;;del civico n. ;13;;Scontro frontale/laterale DX fra veicoli in marcia;Curva a visuale libera;Una carreggiata a senso unico di marcia;Asciutto;Asfaltata;Verticale ed orizzontale;Sereno;Normale;Buona;Ore Diurne;0;0;0;2;;;-1;1;Autovettura privata;In marcia / fermata / arresto;Passeggero;M;Illeso;0;;Utilizzato;Inesistente
1778981;3;27/10/2008 09:20;Strada Urbana;PIAZZALE ALDO MORO;all'intersezione con;VIALE PIERO GOBETTI;VIALE PIERO GOBETTI;;;Investimento di pedone;Intersezione stradale segnalata;Due carreggiate;Asciutto;Asfaltata;Verticale ed orizzontale;Sereno;Normale;Buona;Ore Diurne;1;0;0;1;;;-1;;;;Pedone;M;Rifiuta cure immediate;0;NON DECEDUTO;;
1778981;3;27/10/2008 09:20;Strada Urbana;PIAZZALE ALDO MORO;all'intersezione con;VIALE PIERO GOBETTI;VIALE PIERO GOBETTI;;;Investimento di pedone;Intersezione stradale segnalata;Due carreggiate;Asciutto;Asfaltata;Verticale ed orizzontale;Sereno;Normale;Buona;Ore Diurne;1;0;0;1;;;-1;1;Autovettura privata;In marcia / fermata / arresto;Conducente;M;Illeso;0;;Utilizzato;Inesploso
1778982;4;22/10/2008 14:50;Statale entro l'abitato;VIA SALARIA;in prossimità;;del  f.c. civico n. ;825;;Tamponamento Multiplo;Rettilineo;Due carreggiate;Asciutto;Asfaltata;Verticale ed orizzontale;Sereno;Normale;Buona;Ore Diurne;1;0;0;4;;;-1;1;Autocarro inferiore 35 q.;In marcia / fermata / arresto;Conducente;M;Rifiuta cure immediate;0;NON DECEDUTO;Non accertato;Inesistente
1778982;4;22/10/2008 14:50;Statale entro l'abitato;VIA SALARIA;in prossimità;;del  f.c. civico n. ;825;;Tamponamento Multiplo;Rettilineo;Due carreggiate;Asciutto;Asfaltata;Verticale ed orizzontale;Sereno;Normale;Buona;Ore Diurne;1;0;0;4;;;-1;2;Autovettura privata;In marcia / fermata / arresto;Conducente;M;Illeso;0;;Non accertato;Inesistente
1778982;4;22/10/2008 14:50;Statale entro l'abitato;VIA SALARIA;in prossimità;;del  f.c. civico n. ;825;;Tamponamento Multiplo;Rettilineo;Due carreggiate;Asciutto;Asfaltata;Verticale ed orizzontale;Sereno;Normale;Buona;Ore Diurne;1;0;0;4;;;-1;2;Autovettura privata;In marcia / fermata / arresto;Passeggero;M;Illeso;0;;Non accertato;Inesistente
1778982;4;22/10/2008 14:50;Statale entro l'abitato;VIA SALARIA;in prossimità;;del  f.c. civico n. ;825;;Tamponamento Multiplo;Rettilineo;Due carreggiate;Asciutto;Asfaltata;Verticale ed orizzontale;Sereno;Normale;Buona;Ore Diurne;1;0;0;4;;;-1;3;Autovettura privata;In marcia / fermata / arresto;Conducente;F;Illeso;0;;Non accertato;Inesistente
1778982;4;22/10/2008 14:50;Statale entro l'abitato;VIA SALARIA;in prossimità;;del  f.c. civico n. ;825;;Tamponamento Multiplo;Rettilineo;Due carreggiate;Asciutto;Asfaltata;Verticale ed orizzontale;Sereno;Normale;Buona;Ore Diurne;1;0;0;4;;;-1;3;Autovettura privata;In marcia / fermata / arresto;Passeggero;F;Illeso;0;;Non accertato;Inesistente
1778983;4;22/10/2008 16:00;Strada Urbana;VIA NOMENTANA;all'intersezione semaforizzata con;VIA VAL BREMBANA;VIA VAL BREMBANA;;;Infortunio per sola frenata improvvisa;Intersezione semaforizzata;Due carreggiate;Asciutto;Asfaltata;Verticale ed orizzontale;Sereno;Normale;Buona;Ore Diurne;1;0;0;0;;;-1;1;Motociclo a solo;In marcia / fermata / arresto;Conducente;M;Rimandato;0;NON DECEDUTO;Utilizzato;Inesistente
1778984;4;22/10/2008 16:30;Strada Urbana;VIA GIANGIORGIO TRISSINO;in prossimità;;del civico n. ;30;;Scontro frontale/laterale SX fra veicoli in marcia;Curva a visuale libera;Una carreggiata a senso unico di marcia;Asciutto;Asfaltata;Verticale ed orizzontale;Sereno;Normale;Buona;Ore Diurne;0;0;0;3;;;-1;1;Autovettura privata;In marcia / fermata / arresto;Conducente;M;Illeso;0;;Non accertato;Inesistente
1778984;4;22/10/2008 16:30;Strada Urbana;VIA GIANGIORGIO TRISSINO;in prossimità;;del civico n. ;30;;Scontro frontale/laterale SX fra veicoli in marcia;Curva a visuale libera;Una carreggiata a senso unico di marcia;Asciutto;Asfaltata;Verticale ed orizzontale;Sereno;Normale;Buona;Ore Diurne;0;0;0;3;;;-1;1;Autovettura privata;In marcia / fermata / arresto;Passeggero;M;Illeso;0;;Non accertato;Inesistente
1778984;4;22/10/2008 16:30;Strada Urbana;VIA GIANGIORGIO TRISSINO;in prossimità;;del civico n. ;30;;Scontro frontale/laterale SX fra veicoli in marcia;Curva a visuale libera;Una carreggiata a senso unico di marcia;Asciutto;Asfaltata;Verticale ed orizzontale;Sereno;Normale;Buona;Ore Diurne;0;0;0;3;;;-1;2;Autocarro inferiore 35 q.;In marcia / fermata / arresto;Conducente;M;Illeso;0;;Non accertato;Inesistente
1778985;4;22/10/2008 16:40;Strada Urbana;VIA VAL TROMPIA;all'intersezione con;VIA VAL DI FASSA;VIA VAL DI FASSA;;;Investimento di pedone;Incrocio;Una carreggiata a doppio senso;Asciutto;Asfaltata;Verticale ed orizzontale;Sereno;Normale;Buona;Ore Diurne;1;0;0;2;;;-1;;;;Pedone;F;Rimandato;0;NON DECEDUTO;;
1778985;4;22/10/2008 16:40;Strada Urbana;VIA VAL TROMPIA;all'intersezione con;VIA VAL DI FASSA;VIA VAL DI FASSA;;;Investimento di pedone;Incrocio;Una carreggiata a doppio senso;Asciutto;Asfaltata;Verticale ed orizzontale;Sereno;Normale;Buona;Ore Diurne;1;0;0;2;;;-1;;;;Pedone;F;Illeso;0;;;
1778985;4;22/10/2008 16:40;Strada Urbana;VIA VAL TROMPIA;all'intersezione con;VIA VAL DI FASSA;VIA VAL DI FASSA;;;Investimento di pedone;Incrocio;Una carreggiata a doppio senso;Asciutto;Asfaltata;Verticale ed orizzontale;Sereno;Normale;Buona;Ore Diurne;1;0;0;2;;;-1;1;Autovettura privata;In marcia / fermata / arresto;Conducente;F;Illeso;0;;Non accertato;Inesistente
1778986;4;22/10/2008 21:20;Strada Urbana;PIAZZA GIUSEPPE PRIMOLI;all'intersezione con;VIA RENATO FUCINI;VIA RENATO FUCINI;;;Scontro laterale fra veicoli in marcia;Rotatoria;Due carreggiate;Asciutto;Asfaltata;Verticale ed orizzontale;Sereno;Normale;Buona;Ore Diurne;0;0;0;2;;;-1;1;Motociclo a solo;In marcia / fermata / arresto;Conducente;M;Illeso;0;;Non accertato;Inesistente
1778986;4;22/10/2008 21:20;Strada Urbana;PIAZZA GIUSEPPE PRIMOLI;all'intersezione con;VIA RENATO FUCINI;VIA RENATO FUCINI;;;Scontro laterale fra veicoli in marcia;Rotatoria;Due carreggiate;Asciutto;Asfaltata;Verticale ed orizzontale;Sereno;Normale;Buona;Ore Diurne;0;0;0;2;;;-1;2;Autovettura privata;In marcia / fermata / arresto;Conducente;F;Illeso;0;;Non accertato;Inesistente
1778987;4;23/10/2008 03:30;Strada Urbana;VIA DEI SARDI;all'intersezione con;VIA DEI SABELLI;VIA DEI SABELLI;;;Scontro frontale/laterale DX fra veicoli in marcia;Incrocio;Una carreggiata a senso unico di marcia;Asciutto;Asfaltata;Verticale ed orizzontale;Sereno;Scarso;Buona;Sufficiente;2;0;0;1;;;-1;1;Autovettura privata;In marcia / fermata / arresto;Conducente;M;Illeso;0;;Non accertato;Inesistente
1778987;4;23/10/2008 03:30;Strada Urbana;VIA DEI SARDI;all'intersezione con;VIA DEI SABELLI;VIA DEI SABELLI;;;Scontro frontale/laterale DX fra veicoli in marcia;Incrocio;Una carreggiata a senso unico di marcia;Asciutto;Asfaltata;Verticale ed orizzontale;Sereno;Scarso;Buona;Sufficiente;2;0;0;1;;;-1;2;Motociclo con passeggero;In marcia / fermata / arresto;Conducente;M;Rimandato;0;NON DECEDUTO;Non accertato;Inesistente
1778987;4;23/10/2008 03:30;Strada Urbana;VIA DEI SARDI;all'intersezione con;VIA DEI SABELLI;VIA DEI SABELLI;;;Scontro frontale/laterale DX fra veicoli in marcia;Incrocio;Una carreggiata a senso unico di marcia;Asciutto;Asfaltata;Verticale ed orizzontale;Sereno;Scarso;Buona;Sufficiente;2;0;0;1;;;-1;2;Motociclo con passeggero;In marcia / fermata / arresto;Passeggero;F;Rimandato;0;NON DECEDUTO;Non accertato;Inesistente
1778988;4;23/10/2008 07:05;Statale;VIA SALARIA;in prossimità;;della chilometrica ;20,5;;Tamponamento;Rettilineo;Una carreggiata a doppio senso;Asciutto;Asfaltata;Verticale ed orizzontale;Nuvoloso;Normale;Buona;Ore Diurne;1;0;0;2;;;-1;1;Autovettura privata;In marcia / fermata / arresto;Conducente;M;Illeso;0;;Non accertato;Inesistente
1778988;4;23/10/2008 07:05;Statale;VIA SALARIA;in prossimità;;della chilometrica ;20,5;;Tamponamento;Rettilineo;Una carreggiata a doppio senso;Asciutto;Asfaltata;Verticale ed orizzontale;Nuvoloso;Normale;Buona;Ore Diurne;1;0;0;2;;;-1;1;Autovettura privata;In marcia / fermata / arresto;Passeggero;M;Illeso;0;;Non accertato;Inesistente
1778988;4;23/10/2008 07:05;Statale;VIA SALARIA;in prossimità;;della chilometrica ;20,5;;Tamponamento;Rettilineo;Una carreggiata a doppio senso;Asciutto;Asfaltata;Verticale ed orizzontale;Nuvoloso;Normale;Buona;Ore Diurne;1;0;0;2;;;-1;2;Autocarro inferiore 35 q.;In marcia / fermata / arresto;Conducente;M;Rimandato;0;NON DECEDUTO;Non accertato;Inesistente
1778989;4;23/10/2008 08:50;Strada Urbana;PIAZZALE JONIO;all'intersezione con;VIA DI VALLE MELAINA;VIA DI VALLE MELAINA;;;Scontro laterale fra veicoli in marcia;Incrocio;Due carreggiate;Asciutto;Asfaltata;Verticale ed orizzontale;Nuvoloso;Normale;Buona;Ore Diurne;1;0;0;1;;;-1;1;Motociclo a solo;In marcia / fermata / arresto;Conducente;M;Illeso;0;;Non accertato;Inesistente
1778989;4;23/10/2008 08:50;Strada Urbana;PIAZZALE JONIO;all'intersezione con;VIA DI VALLE MELAINA;VIA DI VALLE MELAINA;;;Scontro laterale fra veicoli in marcia;Incrocio;Due carreggiate;Asciutto;Asfaltata;Verticale ed orizzontale;Nuvoloso;Normale;Buona;Ore Diurne;1;0;0;1;;;-1;2;Motociclo a solo;In marcia / fermata / arresto;Conducente;M;Rimandato;0;NON DECEDUTO;Non accertato;Inesistente
1778990;4;23/10/2008 12:00;Strada Urbana;VIA MONTE FUMAIOLO;in corrispondenza;;del civico n. ;66;;Veicolo in marcia contro veicolo fermo;Rettilineo;Una carreggiata a senso unico di marcia;Asciutto;Asfaltata;Verticale ed orizzontale;Nuvoloso;Normale;Buona;Ore Diurne;0;0;0;2;;;-1;1;Ciclomotore;In marcia / fermata / arresto;Conducente;M;Illeso;0;;Non accertato;Inesistente
1778990;4;23/10/2008 12:00;Strada Urbana;VIA MONTE FUMAIOLO;in corrispondenza;;del civico n. ;66;;Veicolo in marcia contro veicolo fermo;Rettilineo;Una carreggiata a senso unico di marcia;Asciutto;Asfaltata;Verticale ed orizzontale;Nuvoloso;Normale;Buona;Ore Diurne;0;0;0;2;;;-1;2;Autovettura privata;In marcia / fermata / arresto;Conducente;M;Illeso;0;;Non accertato;Inesistente
1778991;4;23/10/2008 12:00;Strada Urbana;VIA LUDOVICO DI BREME;in corrispondenza;;del civico n. ;11;;Tamponamento;Rettilineo;Una carreggiata a doppio senso;Asciutto;Asfaltata;Verticale ed orizzontale;Nuvoloso;Normale;Buona;Ore Diurne;0;0;0;2;;;-1;1;Autovettura privata;In marcia / fermata / arresto;Conducente;M;Illeso;0;;Non accertato;Inesistente
1778991;4;23/10/2008 12:00;Strada Urbana;VIA LUDOVICO DI BREME;in corrispondenza;;del civico n. ;11;;Tamponamento;Rettilineo;Una carreggiata a doppio senso;Asciutto;Asfaltata;Verticale ed orizzontale;Nuvoloso;Normale;Buona;Ore Diurne;0;0;0;2;;;-1;2;Motociclo a solo;In marcia / fermata / arresto;Conducente;M;Illeso;0;;Non accertato;Inesistente
1778992;4;24/10/2008 00:10;Provinciale entro l'abitato;VIA NOMENTANA;in corrispondenza;;del civico n. ;1113;;Infortunio per sola frenata improvvisa;Rettilineo;Una carreggiata a doppio senso;Asciutto;Asfaltata;Orizzontale;Sereno;Scarso;Buona;Sufficiente;1;0;0;0;;;-1;1;Ciclomotore;In marcia / fermata / arresto;Conducente;F;Rimandato;0;NON DECEDUTO;Non accertato;Inesistente
1778994;5;16/10/2008 12:40;Strada Urbana;VIA DEI MONTI TIBURTINI;in prossimità;;del civico n. ;509;;Scontro laterale fra veicoli in marcia;Rettilineo;Due carreggiate;Asciutto;Asfaltata;Orizzontale;Sereno;Intenso;Buona;Ore Diurne;0;0;0;3;;;-1;1;Motociclo a solo;In marcia / fermata / arresto;Conducente;M;Illeso;0;;Non accertato;Inesistente
1778994;5;16/10/2008 12:40;Strada Urbana;VIA DEI MONTI TIBURTINI;in prossimità;;del civico n. ;509;;Scontro laterale fra veicoli in marcia;Rettilineo;Due carreggiate;Asciutto;Asfaltata;Orizzontale;Sereno;Intenso;Buona;Ore Diurne;0;0;0;3;;;-1;1;Motociclo a solo;In marcia / fermata / arresto;Passeggero;F;Illeso;0;;Non accertato;Inesistente
1778994;5;16/10/2008 12:40;Strada Urbana;VIA DEI MONTI TIBURTINI;in prossimità;;del civico n. ;509;;Scontro laterale fra veicoli in marcia;Rettilineo;Due carreggiate;Asciutto;Asfaltata;Orizzontale;Sereno;Intenso;Buona;Ore Diurne;0;0;0;3;;;-1;2;Autovettura privata;In marcia / fermata / arresto;Conducente;M;Illeso;0;;Non accertato;Inesistente
1778995;6;27/10/2008 11:30;Strada Urbana;PIAZZA DEI CONDOTTIERI;all'intersezione con;VIA ROBERTO MALATESTA;VIA ROBERTO MALATESTA;;;Investimento di pedone;Incrocio;Una carreggiata a doppio senso;Asciutto;Asfaltata;Assente;Sereno;Normale;Buona;Ore Diurne;1;0;0;1;;;-1;;;;Pedone;M;Rimandato;0;NON DECEDUTO;;
1778995;6;27/10/2008 11:30;Strada Urbana;PIAZZA DEI CONDOTTIERI;all'intersezione con;VIA ROBERTO MALATESTA;VIA ROBERTO MALATESTA;;;Investimento di pedone;Incrocio;Una carreggiata a doppio senso;Asciutto;Asfaltata;Assente;Sereno;Normale;Buona;Ore Diurne;1;0;0;1;;;-1;1;Autocarro inferiore 35 q.;In marcia / fermata / arresto;Conducente;M;Illeso;0;;Non accertato;Inesploso
1778996;6;27/10/2008 16:00;Strada Urbana;VIA FORMIA;all'intersezione con;VIA TERRACINA;VIA TERRACINA;;;Scontro frontale/laterale SX fra veicoli in marcia;Incrocio;Una carreggiata a doppio senso;Asciutto;Asfaltata;Verticale ed orizzontale;Sereno;Normale;Buona;Ore Diurne;0;0;0;2;;;-1;1;Autovettura privata;In marcia / fermata / arresto;Conducente;M;Illeso;0;;Non accertato;Inesploso
1778996;6;27/10/2008 16:00;Strada Urbana;VIA FORMIA;all'intersezione con;VIA TERRACINA;VIA TERRACINA;;;Scontro frontale/laterale SX fra veicoli in marcia;Incrocio;Una carreggiata a doppio senso;Asciutto;Asfaltata;Verticale ed orizzontale;Sereno;Normale;Buona;Ore Diurne;0;0;0;2;;;-1;2;Veicolo speciale;In marcia / fermata / arresto;Conducente;M;Illeso;0;;Non accertato;Inesistente
1778997;6;27/10/2008 18:30;Strada Urbana;VIALE DELLA VENEZIA GIULIA;in prossimità;;del civico n. ;52;;Infortunio per caduta del veicolo;Rettilineo;Una carreggiata a doppio senso;Bagnato (umidità in atto);Asfaltata;Orizzontale;Nuvoloso;Normale;Buona;Ore Diurne;1;0;0;2;;;-1;1;Autovettura privata;In marcia / fermata / arresto;Conducente;M;Illeso;0;;Non accertato;Inesistente
1778997;6;27/10/2008 18:30;Strada Urbana;VIALE DELLA VENEZIA GIULIA;in prossimità;;del civico n. ;52;;Infortunio per caduta del veicolo;Rettilineo;Una carreggiata a doppio senso;Bagnato (umidità in atto);Asfaltata;Orizzontale;Nuvoloso;Normale;Buona;Ore Diurne;1;0;0;2;;;-1;1;Autovettura privata;In marcia / fermata / arresto;Passeggero;F;Illeso;0;;Non accertato;Inesistente
1778997;6;27/10/2008 18:30;Strada Urbana;VIALE DELLA VENEZIA GIULIA;in prossimità;;del civico n. ;52;;Infortunio per caduta del veicolo;Rettilineo;Una carreggiata a doppio senso;Bagnato (umidità in atto);Asfaltata;Orizzontale;Nuvoloso;Normale;Buona;Ore Diurne;1;0;0;2;;;-1;2;Motociclo a solo;In marcia / fermata / arresto;Conducente;M;Rimandato;0;NON DECEDUTO;Non accertato;Inesistente
1778998;7;27/10/2008 19:40;Strada Urbana;VIA COLLATINA;da specificare;;;;all'altezza dell'intersezione con Via dei Capretti;Scontro laterale fra veicoli in marcia;Rettilineo;Due carreggiate;Asciutto;Asfaltata;Verticale ed orizzontale;Nuvoloso;Normale;Buona;Sufficiente;0;0;0;2;;;-1;1;Autovettura privata;In marcia / fermata / arresto;Conducente;M;Illeso;0;;Non accertato;Inesistente
1778998;7;27/10/2008 19:40;Strada Urbana;VIA COLLATINA;da specificare;;;;all'altezza dell'intersezione con Via dei Capretti;Scontro laterale fra veicoli in marcia;Rettilineo;Due carreggiate;Asciutto;Asfaltata;Verticale ed orizzontale;Nuvoloso;Normale;Buona;Sufficiente;0;0;0;2;;;-1;2;Motociclo a solo;In marcia / fermata / arresto;Conducente;M;Illeso;0;;Non accertato;Inesistente
1778999;8;24/10/2008 08:00;Strada Urbana;VIALE DELLA SORBONA;all'intersezione con;VIA STANFORD;VIA STANFORD;;;Scontro frontale/laterale DX fra veicoli in marcia;Intersezione stradale segnalata;Due carreggiate;Asciutto;Asfaltata;Verticale ed orizzontale;Sereno;Intenso;Buona;Ore Diurne;1;0;0;1;;;-1;1;Autovettura privata;In marcia / fermata / arresto;Conducente;M;Rimandato;0;NON DECEDUTO;Non accertato;Inesploso
1778999;8;24/10/2008 08:00;Strada Urbana;VIALE DELLA SORBONA;all'intersezione con;VIA STANFORD;VIA STANFORD;;;Scontro frontale/laterale DX fra veicoli in marcia;Intersezione stradale segnalata;Due carreggiate;Asciutto;Asfaltata;Verticale ed orizzontale;Sereno;Intenso;Buona;Ore Diurne;1;0;0;1;;;-1;2;Autovettura privata;In marcia / fermata / arresto;Conducente;M;Illeso;0;;Non accertato;Inesploso
1779000;8;24/10/2008 10:40;Statale entro l'abitato;VIA CASILINA;in corrispondenza;;del civico n. ;1930;;Scontro frontale/laterale DX fra veicoli in marcia;Rettilineo;Una carreggiata a doppio senso;Asciutto;Asfaltata;Verticale ed orizzontale;Sereno;Normale;Buona;Ore Diurne;1;0;0;1;;;-1;1;Autovettura privata;In marcia / fermata / arresto;Conducente;F;Illeso;0;;Non accertato;Inesistente
1779000;8;24/10/2008 10:40;Statale entro l'abitato;VIA CASILINA;in corrispondenza;;del civico n. ;1930;;Scontro frontale/laterale DX fra veicoli in marcia;Rettilineo;Una carreggiata a doppio senso;Asciutto;Asfaltata;Verticale ed orizzontale;Sereno;Normale;Buona;Ore Diurne;1;0;0;1;;;-1;2;Ciclomotore;In marcia / fermata / arresto;Conducente;M;Rimandato;0;NON DECEDUTO;Non accertato;Inesistente
1779001;8;27/10/2008 07:15;Statale entro l'abitato;VIA CASILINA;da specificare;;;;altezza via Isnello;Scontro laterale fra veicoli in marcia;Rettilineo;Una carreggiata a doppio senso;Asciutto;Asfaltata;Verticale ed orizzontale;Sereno;Intenso;Buona;Ore Diurne;0;0;0;2;;;-1;1;Autovettura privata;In marcia / fermata / arresto;Conducente;M;Illeso;0;;Non accertato;Inesistente
1779001;8;27/10/2008 07:15;Statale entro l'abitato;VIA CASILINA;da specificare;;;;altezza via Isnello;Scontro laterale fra veicoli in marcia;Rettilineo;Una carreggiata a doppio senso;Asciutto;Asfaltata;Verticale ed orizzontale;Sereno;Intenso;Buona;Ore Diurne;0;0;0;2;;;-1;2;Autocarro superiore 35 q.;In marcia / fermata / arresto;Conducente;M;Illeso;0;;Non accertato;Inesistente
1779002;8;27/10/2008 08:00;Provinciale entro l'abitato;VIA CASILINA;all'intersezione con;VIA ISNELLO;VIA ISNELLO;;;Tamponamento;Intersezione stradale segnalata;Una carreggiata a doppio senso;Asciutto;Asfaltata;Verticale ed orizzontale;Sereno;Intenso;Buona;Ore Diurne;0;0;0;2;;;-1;1;Autovettura privata;In marcia / fermata / arresto;Conducente;F;Illeso;0;;Non accertato;Inesistente
1779002;8;27/10/2008 08:00;Provinciale entro l'abitato;VIA CASILINA;all'intersezione con;VIA ISNELLO;VIA ISNELLO;;;Tamponamento;Intersezione stradale segnalata;Una carreggiata a doppio senso;Asciutto;Asfaltata;Verticale ed orizzontale;Sereno;Intenso;Buona;Ore Diurne;0;0;0;2;;;-1;2;Autovettura privata;In marcia / fermata / arresto;Conducente;M;Illeso;0;;Non accertato;Inesploso
1779003;8;27/10/2008 08:50;Statale entro l'abitato;VIA CASILINA;da specificare;;;;prossimità via Delle Due Torri alt. palo ACEA 251;Tamponamento;Rettilineo;Una carreggiata a doppio senso;Asciutto;Asfaltata;Verticale ed orizzontale;Sereno;Intenso;Buona;Ore Diurne;1;0;0;2;;;-1;1;Autovettura privata;In marcia / fermata / arresto;Conducente;F;Illeso;0;;Non accertato;Inesistente
1779003;8;27/10/2008 08:50;Statale entro l'abitato;VIA CASILINA;da specificare;;;;prossimità via Delle Due Torri alt. palo ACEA 251;Tamponamento;Rettilineo;Una carreggiata a doppio senso;Asciutto;Asfaltata;Verticale ed orizzontale;Sereno;Intenso;Buona;Ore Diurne;1;0;0;2;;;-1;2;Motociclo a solo;In marcia / fermata / arresto;Conducente;M;Rimandato;0;NON DECEDUTO;Non accertato;Inesistente
1779003;8;27/10/2008 08:50;Statale entro l'abitato;VIA CASILINA;da specificare;;;;prossimità via Delle Due Torri alt. palo ACEA 251;Tamponamento;Rettilineo;Una carreggiata a doppio senso;Asciutto;Asfaltata;Verticale ed orizzontale;Sereno;Intenso;Buona;Ore Diurne;1;0;0;2;;;-1;3;Autovettura privata;In marcia / fermata / arresto;Conducente;M;Illeso;0;;Non accertato;Inesistente
1779004;8;27/10/2008 09:00;Strada Urbana;VIA CALTAGIRONE;da specificare;;;;largo corradino d'ascanio;Scontro frontale/laterale SX fra veicoli in marcia;Rettilineo;Una carreggiata a senso unico di marcia;Asciutto;Asfaltata;Verticale ed orizzontale;Sereno;Normale;Buona;Ore Diurne;1;0;0;1;;;-1;1;Autovettura privata;In marcia / fermata / arresto;Conducente;M;Rifiuta cure immediate;0;NON DECEDUTO;Non accertato;Inesploso
1779004;8;27/10/2008 09:00;Strada Urbana;VIA CALTAGIRONE;da specificare;;;;largo corradino d'ascanio;Scontro frontale/laterale SX fra veicoli in marcia;Rettilineo;Una carreggiata a senso unico di marcia;Asciutto;Asfaltata;Verticale ed orizzontale;Sereno;Normale;Buona;Ore Diurne;1;0;0;1;;;-1;2;Autovettura privata;In marcia / fermata / arresto;Conducente;M;Illeso;0;;Non accertato;Inesploso
1779005;8;27/10/2008 17:15;Strada Urbana;VIA CASILINA;in corrispondenza;;del civico n. ;1788;;Scontro frontale/laterale DX fra veicoli in marcia;Rettilineo;Una carreggiata a doppio senso;Asciutto;Asfaltata;Orizzontale;Nuvoloso;Intenso;Sufficiente;Sufficiente;1;0;0;1;;;-1;1;Motociclo a solo;In marcia / fermata / arresto;Conducente;M;Ricoverato;0;NON DECEDUTO;Non accertato;Inesistente
1779005;8;27/10/2008 17:15;Strada Urbana;VIA CASILINA;in corrispondenza;;del civico n. ;1788;;Scontro frontale/laterale DX fra veicoli in marcia;Rettilineo;Una carreggiata a doppio senso;Asciutto;Asfaltata;Orizzontale;Nuvoloso;Intenso;Sufficiente;Sufficiente;1;0;0;1;;;-1;2;Autovettura privata;In marcia / fermata / arresto;Conducente;M;Illeso;0;;Non accertato;Inesploso
1779006;8;27/10/2008 18:50;Provinciale;VIA PRENESTINA;all'intersezione con;VIA DI LUNGHEZZINA;VIA DI LUNGHEZZINA;;;Scontro frontale/laterale SX fra veicoli in marcia;Incrocio;Una carreggiata a doppio senso;Bagnato (pioggia);Asfaltata;Verticale ed orizzontale;Nuvoloso;Intenso;Sufficiente;Sufficiente;0;0;0;2;;;-1;1;Autovettura privata;In marcia / fermata / arresto;Conducente;M;Illeso;0;;Non accertato;Inesploso